Class,Precision,Recall,F1-Score,True Positives,False Positives,False Negatives
MÜMTAZ SOYSAL,0.03529411764705882,0.24,0.061538461538461535,12,328,38
AHMET ÇAKAR,0.0,0.0,0.0,0,16,50
DENİZ GÖKÇE,0.0023584905660377358,0.02,0.004219409282700422,1,423,49
ALİ SİRMEN,0.012987012987012988,0.02,0.015748031496062992,1,76,49
YAŞAR SEYMAN,0.01818181818181818,0.02,0.01904761904761905,1,54,49
HASAN PULUR,0.02304964539007092,0.26,0.04234527687296417,13,551,37
RIDVAN DİLMEN,0.0,0.0,0.0,0,11,50
ATAOL BEHRAMOĞLU,0.0,0.0,0.0,0,0,50
ATİLLA DORSAY,0.0,0.0,0.0,0,0,50
AYKAN SEVER,0.0,0.0,0.0,0,0,50
AZİZ ÜSTEL,0.0,0.0,0.0,0,12,50
CAN ATAKLI,0.0,0.0,0.0,0,0,50
EMRE KONGAR,0.0,0.0,0.0,0,1,50
GÖZDE BEDELOĞLU,0.0,0.0,0.0,0,0,50
HİKMET ÇETİNKAYA,0.0,0.0,0.0,0,0,50
MEHMET ALİ BİRAND,0.0,0.0,0.0,0,0,50
MEHMET DEMİRKOL,0.0,0.0,0.0,0,0,50
MELTEM GÜRLE,0.0,0.0,0.0,0,0,50
MERYEM KORAY,0.0,0.0,0.0,0,0,50
NAZAN BEKİROĞLU,0.0,0.0,0.0,0,0,50
NAZIM ALPMAN,0.0,0.0,0.0,0,0,50
NEDİM HAZAR,0.0,0.0,0.0,0,0,50
NEŞE YAŞIN,0.0,0.0,0.0,0,0,50
OKAY KARACAN,0.0,0.0,0.0,0,0,50
REHA MUHTAR,0.0,0.0,0.0,0,0,50
RUHAT MENGİ,0.0,0.0,0.0,0,0,50
SELİM İLERİ,0.0,0.0,0.0,0,0,50
TARHAN ERDEM,0.0,0.0,0.0,0,0,50
UFUK BOZKIR,0.0,0.0,0.0,0,0,50
ÖZGE BAŞAK TANELİ,0.0,0.0,0.0,0,0,50
Macro Avg,0.003062369492399955,0.018666666666666668,0.004763293274593605,-,-,-
Micro Avg,0.018666666666666668,0.018666666666666668,0.018666666666666668,-,-,-
