Class,Precision,Recall,F1-Score,True Positives,False Positives,False Negatives
DENİZ GÖKÇE,0.0,0.0,0.0,0,606,50
AHMET ÇAKAR,0.0,0.0,0.0,0,30,50
ALİ SİRMEN,0.02857142857142857,0.04,0.03333333333333333,2,68,48
HASAN PULUR,0.018456375838926176,0.22,0.034055727554179564,11,585,39
ATAOL BEHRAMOĞLU,0.0,0.0,0.0,0,0,50
ATİLLA DORSAY,0.0,0.0,0.0,0,0,50
AYKAN SEVER,0.0,0.0,0.0,0,0,50
AZİZ ÜSTEL,0.0,0.0,0.0,0,8,50
MÜMTAZ SOYSAL,0.06837606837606838,0.16,0.09580838323353294,8,109,42
CAN ATAKLI,0.0,0.0,0.0,0,0,50
YAŞAR SEYMAN,0.0,0.0,0.0,0,58,50
EMRE KONGAR,0.0,0.0,0.0,0,3,50
GÖZDE BEDELOĞLU,0.0,0.0,0.0,0,0,50
HİKMET ÇETİNKAYA,0.0,0.0,0.0,0,0,50
MEHMET ALİ BİRAND,0.0,0.0,0.0,0,0,50
MEHMET DEMİRKOL,0.0,0.0,0.0,0,0,50
MELTEM GÜRLE,0.0,0.0,0.0,0,0,50
MERYEM KORAY,0.0,0.0,0.0,0,0,50
NAZAN BEKİROĞLU,0.0,0.0,0.0,0,0,50
NAZIM ALPMAN,0.0,0.0,0.0,0,0,50
NEDİM HAZAR,0.0,0.0,0.0,0,0,50
NEŞE YAŞIN,0.0,0.0,0.0,0,0,50
OKAY KARACAN,0.0,0.0,0.0,0,0,50
REHA MUHTAR,0.0,0.0,0.0,0,0,50
RIDVAN DİLMEN,0.0,0.0,0.0,0,11,50
RUHAT MENGİ,0.0,0.0,0.0,0,0,50
SELİM İLERİ,0.0,0.0,0.0,0,0,50
TARHAN ERDEM,0.0,0.0,0.0,0,1,50
UFUK BOZKIR,0.0,0.0,0.0,0,0,50
ÖZGE BAŞAK TANELİ,0.0,0.0,0.0,0,0,50
Macro Avg,0.0038467957595474376,0.014,0.005439914804034861,-,-,-
Micro Avg,0.014,0.014,0.014000000000000002,-,-,-
