Class,Precision,Recall,F1-Score,True Positives,False Positives,False Negatives
HASAN PULUR,0.01768172888015717,0.18,0.032200357781753126,9,500,41
AHMET ÇAKAR,0.0,0.0,0.0,0,6,50
YAŞAR SEYMAN,0.025,0.02,0.022222222222222223,1,39,49
MÜMTAZ SOYSAL,0.03230769230769231,0.42,0.06,21,629,29
ALİ SİRMEN,0.0,0.0,0.0,0,53,50
ATAOL BEHRAMOĞLU,0.0,0.0,0.0,0,0,50
DENİZ GÖKÇE,0.0,0.0,0.0,0,233,50
ATİLLA DORSAY,0.0,0.0,0.0,0,0,50
AYKAN SEVER,0.0,0.0,0.0,0,0,50
AZİZ ÜSTEL,0.0,0.0,0.0,0,3,50
CAN ATAKLI,0.0,0.0,0.0,0,0,50
EMRE KONGAR,0.0,0.0,0.0,0,0,50
GÖZDE BEDELOĞLU,0.0,0.0,0.0,0,0,50
HİKMET ÇETİNKAYA,0.0,0.0,0.0,0,0,50
MEHMET ALİ BİRAND,0.0,0.0,0.0,0,0,50
MEHMET DEMİRKOL,0.0,0.0,0.0,0,0,50
MELTEM GÜRLE,0.0,0.0,0.0,0,0,50
MERYEM KORAY,0.0,0.0,0.0,0,0,50
NAZAN BEKİROĞLU,0.0,0.0,0.0,0,0,50
NAZIM ALPMAN,0.0,0.0,0.0,0,0,50
NEDİM HAZAR,0.0,0.0,0.0,0,0,50
NEŞE YAŞIN,0.0,0.0,0.0,0,0,50
OKAY KARACAN,0.0,0.0,0.0,0,0,50
REHA MUHTAR,0.0,0.0,0.0,0,0,50
RIDVAN DİLMEN,0.0,0.0,0.0,0,6,50
RUHAT MENGİ,0.0,0.0,0.0,0,0,50
SELİM İLERİ,0.0,0.0,0.0,0,0,50
TARHAN ERDEM,0.0,0.0,0.0,0,0,50
UFUK BOZKIR,0.0,0.0,0.0,0,0,50
ÖZGE BAŞAK TANELİ,0.0,0.0,0.0,0,0,50
Macro Avg,0.002499647372928316,0.020666666666666667,0.0038140860001325116,-,-,-
Micro Avg,0.020666666666666667,0.020666666666666667,0.020666666666666667,-,-,-
