Accuracy,Precision,Recall,F1-score
0.9806666666666667,0.9811541603955455,0.9806666666666667,0.9806938902213129
